cpu_usage,memory_usage,heartbeat_status,dag_parse_time,recent_changes,scheduler_pod_status,worker_restarts,incident_class
81.6218442908627,84.77203795262267,0,9.834568744716773,3,1,0,Scheduler
77.24476444762566,33.44632188863726,1,22.320644599543044,4,0,9,Kubernetes
44.13547909154566,57.16513607928162,1,9.714318585008247,14,1,1,Configuration
87.50696241100601,40.789770854309516,0,12.066259789280593,6,1,1,Unknown
22.642274435768574,73.14642474513056,0,5.919630597794738,5,0,10,Kubernetes
45.76458338054723,51.45127243002051,1,12.666328401069213,0,0,12,Kubernetes
43.699921293315164,31.474114650014574,1,8.456144236615783,3,0,6,Kubernetes
86.13274409997773,96.91897946001497,0,13.057015466036418,4,1,3,Resource
57.884724362539124,53.908755798331896,1,9.279419671903103,17,1,2,Configuration
51.21930754635718,53.1668041996221,1,38.145831626920696,8,1,1,DAG Parsing
31.458769354702774,63.72354377740279,1,2.4597042766640094,12,1,2,Configuration
34.39705391557742,70.32567609773804,1,25.2721291824759,11,1,0,DAG Parsing
86.44150966207823,76.27780783071586,1,5.813061280650929,8,1,2,Scheduler
52.112669500331755,45.59449141501013,1,2.350813287284014,20,1,0,Configuration
44.65313892428594,53.39990405910722,1,42.68978566896478,15,1,0,DAG Parsing
68.65072612823789,68.5911933853434,1,52.0503689660619,8,1,1,DAG Parsing
60.30638897804236,68.54932125197824,1,5.560383444018928,8,1,1,Unknown
87.38466194358729,98.99088344088887,0,6.866799690513008,5,1,3,Resource
52.956871133355826,58.53109585377014,1,35.921361838097994,16,1,1,DAG Parsing
41.21457390076337,31.700006197116682,1,9.482466246653221,19,1,1,Configuration
64.63193108312231,51.61736402334706,1,24.979000329775335,11,1,1,DAG Parsing
61.17711572213361,76.8787449019719,0,16.646476028281263,4,0,5,Kubernetes
86.69658009281459,76.63806847469033,0,19.08395005890656,2,1,2,Scheduler
87.28617115276215,89.9479792896679,0,16.3957902540807,3,1,4,Resource
94.51184421107102,96.75322208470693,0,14.812069122215865,5,1,5,Resource
78.97448451211571,70.31867167436913,0,17.1069240991157,7,1,0,Scheduler
33.97418498424521,63.99880929184499,1,41.7786344592858,16,1,1,DAG Parsing
72.25757188921459,71.83723680986137,0,13.048584624035886,7,1,2,Scheduler
67.64519475408919,54.80278995173592,1,56.63374683888575,6,1,1,DAG Parsing
36.03829605572307,42.390019047351466,1,37.68832255345139,10,1,1,DAG Parsing
20.75989829356995,36.86058986987904,0,8.276652618708152,5,0,12,Kubernetes
46.56734951530899,47.54491378682114,1,40.49385223204419,11,1,1,DAG Parsing
87.0623729574544,94.46052471899614,0,19.143391274069195,0,1,2,Resource
95.15708999336326,87.46531139276055,1,9.878258931039854,2,1,5,Resource
83.51683953387237,76.3937426149306,1,11.458944952739497,7,0,8,Unknown
90.70027668962814,58.95006689114837,0,10.584234800129709,6,1,1,Unknown
87.63242370757698,97.84219756410187,0,21.53979650552619,8,1,3,Resource
55.89221427877227,42.30691489979011,1,23.780237900603773,16,1,1,DAG Parsing
57.61122654990254,47.604438964414655,1,37.78783439116334,9,1,1,DAG Parsing
27.950694574193598,66.32055560449004,0,7.074262114767389,7,0,13,Kubernetes
43.296495260327504,31.765950241321214,0,11.863340992711464,3,0,14,Kubernetes
94.5226081830424,95.45933466682837,0,20.913558532956905,6,1,2,Resource
71.42198949321711,75.23485490980255,0,6.027819990556885,1,1,1,Scheduler
74.53722868057815,77.55988875833563,1,19.535828540985555,7,1,2,Scheduler
42.41544680500239,77.09616067340208,1,16.72033326343181,5,0,8,Kubernetes
42.465494788168655,51.35340122274493,1,57.65629695880221,15,1,0,DAG Parsing
52.226734462303604,36.18125468308645,1,5.996782608894805,20,1,2,Configuration
76.97320622981175,73.52406000581311,1,13.547744670174833,6,1,2,Scheduler
86.54939391012437,86.34428262940581,1,6.861285209197483,9,1,3,Resource
92.18374719718562,42.47088433670867,0,6.141649388240777,5,1,2,Unknown
32.78341684993346,65.9339170691447,1,58.87241275032076,7,1,2,DAG Parsing
57.12191000665335,33.71474396544904,1,8.295135181300559,14,1,2,Configuration
33.899003554370296,58.54302078245412,1,3.810364103696549,13,1,1,Configuration
36.17011045284486,46.32960885090438,1,47.713825634449066,15,1,0,DAG Parsing
87.82720676855114,98.1281226193559,0,5.64434629819962,10,1,4,Resource
58.57176016259097,54.951872676155745,1,25.570956222379706,12,1,1,Unknown
97.06114692936073,89.9431257441889,0,13.612324418943444,10,1,5,Resource
43.99255187482731,60.72134232100388,1,6.251439601381374,11,1,0,Configuration
44.043989398294414,73.53781721490026,1,45.81771904678256,8,1,0,DAG Parsing
24.795139706190863,32.74706504235733,1,9.646237472499852,17,1,2,Configuration
96.58251106202034,89.43069221057614,0,19.262170653567715,1,1,3,Resource
93.51942802996743,86.60951036160307,0,10.691233047000924,10,1,5,Resource
86.30106654772534,95.03883780114931,0,24.63370384881077,7,1,3,Resource
32.08719213044019,56.82067294116388,1,34.8484842641773,20,1,0,DAG Parsing
61.091121628083606,78.62483213428408,0,7.687710419368809,7,0,9,Kubernetes
68.42647079944219,43.59902975106769,0,10.258993016529566,1,0,11,Kubernetes
42.33677567405026,47.71814524258836,1,59.37782633284478,6,1,0,DAG Parsing
81.45713806546465,89.95363322563327,0,6.098910816494495,3,1,2,Scheduler
85.43648654006807,67.04310729306064,0,19.96138884434323,1,1,3,Scheduler
86.84746496574567,55.24894967465931,0,11.11981597669024,4,1,2,Unknown
57.842879543039345,44.857744213636515,1,48.221447011563214,13,1,2,DAG Parsing
94.79373133035817,45.692174636588845,0,8.250902866810026,6,1,1,Unknown
85.86111206807058,84.07167031622213,1,16.405804076289154,8,0,5,Unknown
87.67710443506168,93.05887729597002,1,7.5469417464521715,3,1,1,Resource
39.73265899290935,60.610495090601916,1,40.95850172002527,12,1,1,DAG Parsing
98.71495748346234,90.56057382146888,0,5.914308959621895,3,1,2,Resource
38.17692497414927,73.08634305293253,1,50.69398109234416,18,1,1,DAG Parsing
90.00650822868879,49.159725242955616,0,14.263499730264336,2,1,0,Unknown
96.08979040860406,89.48851513792478,0,15.146299724025932,8,1,5,Resource
40.55387411098295,43.2019379468426,1,5.428062515205874,18,1,1,Configuration
52.5274760912596,38.77783838303254,0,6.8051475370180565,3,0,13,Kubernetes
82.45938761767988,81.49809977975373,0,11.232355144030295,7,1,3,Scheduler
56.19687589973856,69.17925791537125,1,44.62608856204625,10,1,0,DAG Parsing
85.28571293019913,53.27098270607609,0,13.603688174133925,4,1,1,Unknown
31.313159771175897,61.896757432001635,1,8.57687251391973,15,1,2,Configuration
96.08029783402954,97.7549965236339,0,23.26459451339705,2,1,4,Resource
20.744801425489477,55.184155482643106,1,7.293960501033265,14,1,0,Configuration
41.27028623372606,56.14016373720958,1,23.057020293149076,20,1,1,Unknown
29.74681229685078,34.47597902321836,1,6.738781282969065,12,1,2,Configuration
43.77486732618744,66.50206945450853,1,8.865232261357352,5,1,2,Unknown
90.61691380957402,98.3700040782779,0,22.39240570621417,6,1,4,Resource
43.14238213728922,45.16439629795053,1,56.021241425270325,6,1,1,DAG Parsing
90.51315854653255,88.31273859953082,0,14.563637994704479,7,1,5,Resource
88.66398376792613,70.16145761405659,0,12.02497083279043,1,1,1,Scheduler
35.35739775969259,49.256551492681965,1,34.63110559101604,12,1,1,DAG Parsing
41.69965913722275,52.29071022036186,1,7.682821817124203,15,1,2,Configuration
89.62633426430392,90.39466926971262,0,14.32008133807901,7,1,3,Resource
89.58070003803249,87.74566777497225,1,7.8271708653606265,6,1,4,Resource
27.857277173767876,55.67406159655566,1,7.012951080588244,11,1,0,Configuration
98.57811361470038,99.67259596020831,1,15.422090615269976,10,1,4,Resource
36.506179841049914,52.60760262460306,1,6.100421556380696,12,1,0,Configuration
41.36587895512455,65.33067792508616,1,46.262563456419116,20,1,2,DAG Parsing
56.89407779379789,50.878667687407585,1,2.5507431763299575,16,1,1,Configuration
33.27890502218927,56.85957399525887,1,6.799609212466101,20,1,1,Configuration
21.527316267222417,54.86864142025601,1,10.188525454239779,6,0,10,Kubernetes
32.42200356666435,49.65585043015554,1,58.72827503745547,19,1,1,DAG Parsing
27.78985978174488,57.438580587379796,1,6.084382803190566,13,1,2,Configuration
88.61453248470262,94.29671263617902,0,21.304287814265653,4,1,4,Resource
25.57707892624534,70.74821447682481,0,7.2766399980749945,6,0,11,Kubernetes
75.45396198317765,82.13001543054958,1,17.179781287302262,5,0,5,Unknown
55.73362736821955,41.09027238286204,1,59.94347020357308,19,1,1,DAG Parsing
28.774552592743508,44.376839816788994,1,3.141697096503738,19,1,0,Configuration
87.34184184958582,68.64653386084368,1,17.20349052106959,8,1,0,Scheduler
39.98446612373591,43.97070144047563,1,49.4269943791771,13,1,2,DAG Parsing
27.98666156377237,55.74001728349907,1,8.981939987266383,13,1,0,Configuration
81.21061709286558,80.00688385400736,0,10.169459019670446,6,0,8,Unknown
36.30998544501141,49.28577448796571,1,20.997981938979002,2,0,5,Kubernetes
58.210310375903774,48.57743765294861,1,22.497299025482928,16,1,2,Unknown
91.60067336071471,68.28742208466123,1,10.098128646714432,8,1,2,Scheduler
28.69370228078636,37.33994436894257,1,7.715076285039156,20,1,1,Configuration
72.27273530434485,61.413491262742035,0,7.292619790223916,2,1,3,Scheduler
91.70121966244724,95.55649187733809,0,23.34489413561951,1,1,1,Resource
88.40115904239094,49.669438858693994,0,13.738790938528474,4,1,1,Unknown
27.996096690588672,56.25647565345188,1,3.28748315474584,14,1,2,Configuration
26.74558043623921,40.96251732570029,1,8.285280896516186,20,1,1,Configuration
81.16368482607986,74.53024156655161,0,13.278761256062165,8,1,3,Scheduler
59.16576129759758,53.16156694289792,1,22.894479485752377,18,1,1,Unknown
88.3448826003348,88.96421193714232,0,14.238685310803266,8,1,3,Scheduler
33.12853650149464,56.322425707425545,0,11.634679871484067,3,0,6,Kubernetes
39.46944737147482,57.29076781064228,1,34.435860977775285,15,1,1,DAG Parsing
95.26643115195462,89.20559520639237,1,16.27019728095967,0,1,2,Resource
53.33376447942706,41.70303465253796,1,31.254253534941135,15,1,2,DAG Parsing
40.961708954071995,66.62558728130628,1,32.954864986244004,15,1,0,Unknown
74.76062099590202,55.11966277718709,1,10.408713695379477,0,0,9,Kubernetes
57.54454286691934,45.53281564553225,1,36.6248698485646,13,1,0,DAG Parsing
43.56192344564826,55.94879147987858,1,8.092313816379935,19,1,0,Configuration
95.10709588709526,99.69847046768743,1,11.153556674235286,10,1,1,Resource
86.87091388438304,74.14430603944317,0,18.72883863114739,3,1,0,Scheduler
39.30812086832368,50.81282992506577,1,10.425159160196333,1,0,13,Kubernetes
89.61548560726884,84.22490993299931,0,6.414886947378234,6,1,2,Scheduler
54.72141494617641,55.88223680604975,1,8.91873188163682,20,1,2,Configuration
61.38498490264556,50.83877825897719,1,7.471901259911416,4,0,11,Kubernetes
60.04810754807411,34.285365591995856,1,21.16360314808026,6,0,13,Kubernetes
32.187646093980334,56.19038053564777,1,9.228371007796367,15,1,0,Configuration
51.98640214422126,59.828789471861654,1,8.811101779403794,18,1,1,Configuration
51.480969708819295,48.13156302457082,1,34.149167281130744,16,1,2,Unknown
87.00708525641296,63.4365522895106,0,16.528980989861687,5,1,0,Scheduler
93.55720425508206,40.43402742915199,0,13.219399224471145,7,1,1,Unknown
35.52130414579083,52.057604261902576,1,5.464200277114167,10,1,1,Configuration
84.8213680772308,75.12501262872641,1,19.905592382473166,8,0,3,Unknown
94.44861211442156,79.74689447786042,0,5.121469486422353,0,1,3,Scheduler
38.24831692885015,41.929897015668345,1,8.602487924949838,13,1,1,Configuration
92.66208970321837,93.5907108091794,0,20.50226055727991,5,1,5,Resource
99.9655408812198,92.24156626737297,0,13.319508570514252,1,1,1,Resource
20.55721685650761,64.77985536440244,0,24.76309818928544,6,0,15,Kubernetes
32.94457631103405,76.1289644466597,1,15.13221208549854,8,0,10,Kubernetes
92.11707884716756,79.28555610601273,0,8.973202497470787,3,1,2,Scheduler
71.72391841299101,79.42629762170415,0,17.74363440499366,7,1,0,Scheduler
83.80628522634332,62.796276038445676,0,11.921718412681752,1,1,1,Scheduler
29.142669979986742,33.495440931830856,1,4.159592855220293,13,1,2,Configuration
30.776329180999205,63.54843859715716,1,4.744771681185016,12,1,1,Configuration
83.27130934256962,87.4046092344509,0,8.854551268448935,7,1,2,Scheduler
98.04210777286806,89.99446466228233,0,9.236155440980161,3,1,1,Resource
92.7802481734017,93.4133015936296,1,14.567419666868023,6,1,3,Resource
21.2046798998342,43.0563854991131,0,6.484008035333186,2,0,10,Kubernetes
40.132550608104694,66.36518215866028,1,27.644137229356435,11,1,0,DAG Parsing
89.71526210025385,61.00093593736897,0,15.985396519088575,1,1,2,Scheduler
59.35678580299236,58.773770911472894,1,33.18015911286741,12,1,2,Unknown
43.36679731380789,49.794320276678846,1,4.915947485429034,15,1,1,Configuration
89.87861099804333,53.04496877958338,0,6.960993003932208,6,1,2,Unknown
56.4771694948567,70.67374703899597,1,44.72125861974032,15,1,1,DAG Parsing
34.112181111110516,48.95888777006054,1,26.939960897683793,8,1,2,DAG Parsing
78.17114512203271,82.8368912368208,1,9.17384923458209,6,1,2,Scheduler
35.273977987289996,52.913059398077,1,24.393839195035817,15,1,0,Unknown
49.745827254480865,30.248992780071124,1,6.180325038303649,18,1,0,Configuration
28.7984806171023,36.435418413737565,1,2.545411752835407,18,1,0,Configuration
36.47256881736681,46.62168352438963,1,30.767677918546717,12,1,0,Unknown
35.12329607702374,67.97012032062484,1,11.870523307332697,6,1,0,Unknown
95.14933368673819,90.69541278061574,0,21.367549202611247,2,1,3,Resource
88.85378732653339,66.76844087097211,1,19.509046209500486,8,1,2,Scheduler
73.98122268472969,70.2714911316765,1,18.21060647362258,2,0,15,Kubernetes
72.88571676047755,63.21107933128253,0,9.085223184722246,3,1,2,Scheduler
45.18895052017072,78.05925304438736,0,19.233049494002053,1,0,4,Kubernetes
69.80392659376301,46.315977007833155,1,31.750656760099957,7,1,0,DAG Parsing
38.40939375787748,64.42492197994787,0,8.554165769939265,0,0,15,Kubernetes
39.28963740449923,34.561509427200754,1,6.827797206597684,10,1,2,Configuration
61.747855353800105,57.806451081100526,1,24.854498203138277,9,1,0,DAG Parsing
94.32789409948427,71.35603131625061,0,17.441069963794924,5,1,1,Scheduler
76.38316770397886,60.28192294364613,1,18.518141353983246,8,1,1,Scheduler
48.67473135343652,31.326021016115185,1,2.5859842332761325,12,1,1,Configuration
57.94847326451914,53.079465743354184,1,9.741884478700104,17,1,1,Configuration
25.183131345998373,52.83730879722877,1,9.013423069059117,4,0,15,Kubernetes
52.856936076787406,49.011797615298235,1,12.307893619562773,6,1,1,Unknown
50.2384238678071,50.496280465968624,1,7.607056251064017,11,1,1,Configuration
43.6077027340711,45.028404190692214,1,54.45940307329979,11,1,2,DAG Parsing
55.32898667872746,58.57116872704269,1,27.756148250676013,18,1,1,DAG Parsing
78.5062629129498,64.66438499435344,0,6.533154147797731,6,1,0,Scheduler
95.26062438205578,97.71800653047303,1,24.83349410566973,10,1,1,Resource
57.38347571532849,56.128100522490456,1,7.250376852518676,2,0,6,Kubernetes
36.12061867240803,45.762997796154345,1,32.90643004618222,17,1,0,DAG Parsing
63.84955326894003,53.42499366994748,1,25.956358425341058,12,1,1,Unknown
46.93194929310851,48.71920295213508,1,7.131381971853117,19,1,0,Configuration
27.097035939530528,53.89305980955373,1,3.4958126522585893,12,1,2,Configuration
90.90830926579119,49.13086840973013,0,12.489116015721198,6,1,1,Unknown
77.66557478372076,66.91614123895523,0,9.733219160089797,8,1,1,Scheduler
53.656790273240844,52.31797779170268,1,22.96762624693151,13,1,1,DAG Parsing
40.57812794424577,43.06820465969619,1,7.691951328891456,7,1,1,Unknown
43.931693994035214,49.03058576809343,1,4.062439810575307,10,1,2,Configuration
89.48915334371294,93.45937299435647,1,21.69301120183504,6,1,5,Resource
40.47221537007928,48.68785897873856,1,11.368927095483468,6,1,1,Unknown
48.38757185265256,35.41819942294002,1,3.229627068557038,15,1,2,Configuration
94.88926512984794,85.2359765030383,1,16.03287121822514,0,1,1,Resource
81.37064771504323,69.43551471510504,0,6.738824021464368,6,1,0,Scheduler
23.525627572560445,39.208219928756044,1,4.966681008341296,19,1,0,Configuration
72.16493807676608,33.74326212384924,1,11.412676310672136,5,0,8,Kubernetes
41.19266075758823,38.03201897326676,1,8.41840156806251,16,1,1,Configuration
38.28784137264108,34.21288631438136,1,6.145641115908061,15,1,2,Configuration
65.33368738073374,45.44529661915709,1,50.177435164999416,6,1,2,DAG Parsing
85.68914388487951,94.39269283233841,0,5.325627047454889,2,1,4,Resource
90.60437262980405,95.52911090283482,0,20.14701046608652,10,1,2,Resource
58.06993814916026,30.235675071199694,1,9.187647366701555,2,0,13,Kubernetes
42.32336821271243,50.1236802991977,1,3.8211650795332535,14,1,1,Configuration
25.617967492889953,55.089963942675894,1,7.772472763610527,11,1,1,Configuration
96.78706893970777,89.78101685974468,0,13.165183536591769,4,1,4,Resource
57.98850260048158,57.29690976991431,1,11.744925637447878,7,1,2,Unknown
44.70244202461401,66.69119711778974,1,42.96400017325851,18,1,1,DAG Parsing
64.61969262809248,55.052447958323526,1,55.52364087953972,12,1,1,DAG Parsing
24.481246148148784,40.13563131396168,0,8.108211026438735,2,0,11,Kubernetes
27.735848025698164,49.17752381538469,1,8.340403745366187,0,0,8,Kubernetes
39.47446250696702,46.87385313995941,1,6.833687842285495,18,1,0,Configuration
87.86176491740392,91.615578492771,0,8.02862516238691,3,1,4,Resource
86.91748718557278,86.76538703114537,0,13.857387686735596,0,1,0,Scheduler
65.8350706222721,55.74067962778172,1,52.39263670791885,16,1,0,DAG Parsing
71.14977421693033,83.88430395486635,0,10.376950134505453,6,1,1,Scheduler
94.70499771975106,85.66445040291774,1,18.54943791728371,6,1,3,Resource
49.00627707448286,41.38419310072872,1,27.808665681576002,16,1,0,Unknown
77.01129941295734,87.692073539426,1,20.6802869196499,8,0,4,Unknown
91.32908965901744,46.49026975260193,0,6.67360356408286,4,1,2,Unknown
54.60033553662294,57.74737360668843,1,38.508466357090896,14,1,2,DAG Parsing
64.9332575411007,41.52370488083718,1,35.475252861094305,11,1,1,DAG Parsing
45.50152489679991,61.15388145887718,1,6.498660576751902,20,1,2,Configuration
61.00324715470037,66.62760747524734,1,26.413335249371837,12,1,2,Unknown
92.6732215646692,77.75678326883732,0,6.259211932430003,6,1,1,Scheduler
45.41451411030172,50.11387053222499,0,10.549354714691201,4,0,5,Kubernetes
52.17477443548697,58.81394129310917,1,5.77334928070675,19,1,1,Configuration
77.84663754329478,77.79940093423656,1,14.85521313537684,10,0,5,Unknown
21.736889559211143,39.63817234157791,0,21.7395335521739,3,0,4,Kubernetes
65.86902416874548,54.47885453150082,0,7.588119151365717,6,0,14,Kubernetes
31.809695780450586,41.79051905840529,1,42.472674606637746,11,1,2,DAG Parsing
38.658846685573124,63.04437012553569,1,7.489623605072341,8,1,1,Unknown
21.308010964316765,33.223601802345485,1,21.18597330582016,1,0,9,Kubernetes
55.30783454234712,47.64385417736075,1,5.077301109949633,19,1,2,Configuration
31.06719340089263,42.582009991263625,1,7.436641438780593,15,1,1,Configuration
75.53441601841479,57.00627158033281,1,10.948012953631324,1,0,4,Kubernetes
51.952169817753415,65.45321748637261,1,41.11086023546897,7,1,1,DAG Parsing
35.00119526819769,37.18965436571714,1,8.434297222846848,16,1,1,Configuration
85.32609808402646,77.32487913646534,0,13.730833846073425,10,0,3,Unknown
96.4278942995666,95.20512879879097,1,22.462701169754666,1,1,5,Resource
73.31141425916168,70.47026504893546,0,18.18905363726814,5,1,2,Scheduler
40.90919944836809,30.884524943906523,1,3.1626136930623643,20,1,0,Configuration
33.253715026220725,58.27751230601602,1,7.812867362971367,1,0,7,Kubernetes
87.31331445798277,95.67515732167925,1,8.085537812062395,6,1,3,Resource
81.42089531669467,69.0636501161494,1,17.800031879902786,1,1,1,Scheduler
58.2956659643248,30.390257271925705,1,8.998135420982226,12,1,0,Configuration
64.33624505520706,45.06407931121778,1,25.19968525773747,10,1,0,DAG Parsing
90.24069768810452,49.95098319139095,0,10.514678072492146,6,1,1,Unknown
99.03738080502083,85.10245180809333,0,9.710425056030678,4,1,3,Resource
68.94894337261236,57.36711292879579,1,39.90093569974509,20,1,2,DAG Parsing
42.40926950207248,62.96191513126193,1,46.4854062771672,8,1,2,DAG Parsing
56.74429196749082,38.53395073534092,1,2.3190179874033543,15,1,1,Configuration
47.2941358329886,49.660721669449835,1,21.443844458818496,13,1,0,Unknown
47.20231053782856,60.441620221372176,1,18.32159157718621,2,0,5,Kubernetes
80.58946557549802,74.01074004110025,0,15.100468209399523,1,1,0,Scheduler
41.31714474415268,51.91136749901086,1,5.955537189825803,5,1,2,Unknown
86.62323585531928,71.37435831367625,0,14.232723739270709,4,1,3,Scheduler
86.5319748260468,53.47270484739222,0,14.97367303020378,5,1,2,Unknown
56.537729117146114,31.87328352488567,1,13.059479168631533,6,0,4,Kubernetes
36.21803867402082,37.01086340934779,1,2.1229321799829917,11,1,0,Configuration
65.97067060494139,51.273913691121415,1,25.933353026414583,8,1,1,DAG Parsing
21.61679304206941,56.651533224191326,1,3.8539992608345246,14,1,1,Configuration
95.52139791094648,86.99036284346252,0,19.22789697678338,3,1,4,Resource
31.96485507368702,48.65507027136855,0,22.840127843948174,8,0,7,Kubernetes
59.55183993954863,68.41192498470873,1,42.254829424614,15,1,2,DAG Parsing
55.70796655319326,40.91888410087542,1,57.163371639797454,19,1,2,DAG Parsing
96.10811617719793,91.0339802621636,0,15.795196178148567,0,1,2,Resource
46.72538973339506,73.69400482837679,1,56.092433082967894,19,1,1,DAG Parsing
72.85217851812311,61.960303053417974,1,6.111232553834597,0,1,1,Scheduler
53.13320694297811,43.82182005970545,1,21.543983154634308,13,1,1,Unknown
20.076869449681396,49.2968548976705,1,24.382036502113703,6,0,11,Kubernetes
72.04851606591052,74.00678923125162,1,10.282732603407423,7,0,13,Kubernetes
38.43233518807858,60.024802085612244,1,44.7243370529983,6,1,1,DAG Parsing
33.97986451158458,47.32118488697031,0,24.019805242868866,0,0,14,Kubernetes
73.8699206318516,68.90123476483693,0,13.687704362243844,8,1,0,Scheduler
94.15114870118127,87.8839625370507,0,10.580127918435133,4,1,2,Resource
97.0866423990233,98.72111760723858,1,13.253549779621688,6,1,5,Resource
87.29467888238005,69.18618090390265,0,12.098907331392871,8,1,2,Scheduler
35.1674280703686,58.64038217535983,1,29.204428643066386,14,1,2,DAG Parsing
88.36334808214039,78.11140922837731,0,6.369903299464778,0,1,2,Scheduler
85.9278344325345,67.85865787303044,1,13.275206316895868,6,1,0,Scheduler
77.28148222577569,66.94428703668078,0,15.544813371405757,7,1,0,Scheduler
38.28184033171956,57.34971412770641,1,7.734303315754744,11,1,1,Configuration
36.942461897334525,42.79754330527651,1,4.20448434303991,20,1,1,Configuration
42.341395143159,56.42024828749439,1,11.197660388695851,6,1,0,Unknown
28.23416102792389,39.97289033332933,0,17.61508777649511,8,0,4,Kubernetes
86.14757249352381,74.72464005235759,0,6.395800258320075,3,1,3,Scheduler
98.2336745974725,87.63683061308294,0,24.9434360617702,6,1,4,Resource
94.07753114800963,94.20797850432155,1,12.93406098617919,5,1,1,Resource
24.1290005158592,63.89544902926722,1,7.068535854199359,14,1,2,Configuration
92.97900412745138,97.35040656063677,0,14.212505570971924,2,1,3,Resource
31.50428982284368,52.90581598214345,1,31.483081304052767,16,1,0,DAG Parsing
86.2037498894405,99.46216564571029,1,7.659796126713467,5,1,1,Resource
86.240059386797,85.46291058464507,0,10.841798191174131,4,1,2,Resource
78.7786532270688,75.28217026584112,0,19.088557104870738,1,1,2,Scheduler
29.62241591784613,57.406938186420014,0,18.76407830910747,7,0,9,Kubernetes
68.783544136345,61.37083977440355,1,50.09564660445944,18,1,1,DAG Parsing
32.81251028594217,32.882090681697534,1,2.7676514486905814,18,1,2,Configuration
87.75818468120875,93.06892396586227,0,21.98681864520081,4,1,2,Resource
36.79180050686425,35.23464177692596,1,2.7703886137856353,17,1,2,Configuration
59.96128309718424,45.82046739694062,1,13.338253001715008,7,1,1,Unknown
70.52585650017647,76.6176456727344,0,5.107862584776403,0,1,1,Scheduler
49.21978646971111,34.49336237180522,1,5.099244633765328,19,1,2,Configuration
90.21886956155132,97.68276704004339,1,8.450550260206795,10,1,3,Resource
50.18196006003829,46.03956190027277,1,29.90974894393137,13,1,1,DAG Parsing
72.90623950006629,47.561558464923486,1,7.028571192742432,7,0,13,Kubernetes
97.09251548421143,98.6466004899815,0,23.360976889180225,8,1,2,Resource
89.62472318160142,83.10876242088425,1,18.228179117088573,5,0,8,Unknown
79.96576279209052,78.3242727232292,1,16.229142345092015,4,0,8,Kubernetes
70.3537091814016,76.0240526780299,0,5.682735514748275,0,1,2,Scheduler
40.31234605471116,68.64097207463405,1,9.392852028245404,6,1,1,Unknown
34.57656289720318,62.914953513309975,1,55.10824852256856,14,1,2,DAG Parsing
41.54406788156383,53.52220887429225,1,38.014175225616725,14,1,1,DAG Parsing
56.8476705766838,34.643510500689914,1,7.6831715494445785,12,1,2,Configuration
72.14133630169697,74.57971389949842,0,19.669767405160012,8,1,1,Scheduler
49.91256780319551,45.63082070953268,1,7.594491538360427,12,1,0,Configuration
45.969269404261354,48.27154803815439,1,4.963019601990241,10,1,2,Configuration
87.04186707367397,89.80997733062631,1,9.017029774041434,5,1,2,Resource
58.44954901206457,46.05969502669434,1,5.6857635317160975,19,1,0,Configuration
88.94222837111842,97.93299438246287,0,13.78139806766666,1,1,2,Resource
75.56084293864161,84.49759816790787,1,10.24487636668878,3,1,1,Scheduler
73.25563568381261,52.03439401312632,0,10.232257344569797,5,0,4,Kubernetes
21.67092561871702,50.04515082301886,1,5.152653606960299,18,1,0,Configuration
83.14877717018904,73.70784223422727,0,11.149679296195465,2,1,0,Scheduler
72.25094878118028,37.538922554763126,0,11.853397698580002,7,0,6,Kubernetes
42.6325256653567,42.03508190239352,1,24.504259918632687,20,1,1,Unknown
34.46409303330722,60.16447081483548,1,3.497219535622799,14,1,0,Configuration
64.93118648242155,51.667671262119484,1,43.309580583456786,8,1,1,DAG Parsing
91.52014403894117,91.31653509658787,0,20.65333248330971,5,1,3,Resource
90.88862327184309,49.51423979606308,0,9.101513657113564,2,1,2,Unknown
94.22270115684087,46.098550458784345,0,9.899328454837189,7,1,0,Unknown
25.20266120461489,50.43951201893759,1,4.040129185059376,15,1,1,Configuration
99.48874599923661,89.70106165077212,0,17.226168422780038,9,1,1,Resource
75.08993280818632,79.02713876655238,0,12.581135871469808,4,1,0,Scheduler
46.384425371166145,43.17004048311795,1,16.284931758290433,2,0,15,Kubernetes
79.57640931478309,37.14265334174469,0,17.20638478547636,2,0,11,Kubernetes
70.71749994425224,85.52858508937378,0,12.313248985870166,5,1,2,Scheduler
87.49334212439294,88.28028722232122,1,11.56638295357397,0,1,3,Scheduler
54.59405928795057,55.22291764325975,1,45.57877241969921,18,1,0,DAG Parsing
72.34238099653982,66.97982680172218,0,13.418675944079194,8,1,3,Scheduler
52.93598723543372,64.8324636549127,1,36.707758393739226,7,1,1,DAG Parsing
56.637297211947015,63.07456846511432,1,5.087007478272351,18,1,2,Configuration
24.58887805609061,42.1102551787969,1,3.922783011466053,20,1,2,Configuration
47.98384047982659,44.93071722528642,1,22.02421167201161,12,1,2,DAG Parsing
63.50594127469749,46.676626371376216,1,30.070086306509758,15,1,0,Unknown
46.85182263120204,38.20864970610721,1,4.281097151012169,11,1,0,Configuration
82.05818812158266,89.21172405300227,0,22.916444155838434,12,0,5,Unknown
78.47328741009507,34.245120875824476,0,15.108555277215515,6,0,5,Kubernetes
65.11840606601646,67.30920250934079,1,45.59175717466652,8,1,0,DAG Parsing
39.632214064261866,64.4538138937144,1,9.328054637380458,14,1,1,Configuration
85.47602306534618,91.13300403728873,0,20.316553658474234,10,1,4,Resource
94.57270550516262,86.27472901076482,0,18.152032891615313,5,1,2,Resource
81.62584958588052,67.6873108968656,0,7.516837150517034,1,1,1,Scheduler
74.6909262831423,62.368577708751204,0,9.475400634466176,4,0,15,Kubernetes
82.81076766110274,85.16992344846372,0,16.260000047127992,12,0,4,Unknown
41.07126312960625,40.6527725711763,0,23.397882493095082,7,0,7,Kubernetes
56.89787482620404,48.08242424233512,1,5.243650531730504,19,1,2,Configuration
75.83906115144732,83.26633425297777,0,9.772644908506997,7,1,3,Scheduler
56.90082415061797,50.001193350435614,1,20.327096237889638,7,1,1,DAG Parsing
53.543065150515964,42.529337999559786,1,33.97384370328538,18,1,1,Unknown
76.92188959099417,49.580071363880094,0,8.641635120270948,5,0,13,Kubernetes
43.21029492951065,71.94866514518127,1,12.308249256961973,2,0,11,Kubernetes
95.21787979872146,87.06200551299543,1,24.558214236661744,2,1,4,Resource
30.022440298327318,59.37836350628099,1,7.52475880291208,14,1,0,Configuration
94.7933919655195,98.20971185845133,0,14.54897040881793,3,1,3,Resource
41.48419637794057,49.06954895891534,1,21.68346908400383,12,1,0,Unknown
33.774252168594145,54.69231127898799,1,7.8862594448368855,20,1,0,Configuration
32.71143748934902,45.77260923752273,1,6.930739442075625,14,1,2,Configuration
61.92589328712359,64.60794226847588,1,31.376629817559255,20,1,0,Unknown
26.633742081286332,47.99478381807337,1,5.569763550712014,12,1,2,Configuration
73.9436708089308,85.01234863919422,0,14.175166485889251,8,1,0,Scheduler
50.52828076520988,69.80236028663617,1,8.018416539323987,4,1,0,Unknown
50.198876024393336,44.46298554035778,1,8.2703073357083,17,1,0,Configuration
37.595948030235114,38.04967681093579,1,6.116330185143768,14,1,0,Configuration
80.48062288339682,77.51016867873673,0,19.020593866046408,3,1,2,Scheduler
54.1655255613034,46.29537060578474,1,23.008332683803026,16,1,1,Unknown
86.95881575743387,84.68478330996862,1,12.33079433000093,10,0,7,Unknown
37.01957587417456,38.908130986243066,1,8.126871122867637,11,1,1,Configuration
44.933332634058154,42.63108053409264,1,21.633314685928475,14,1,0,Unknown
33.2489141957348,73.1991398889637,1,50.84089475177861,10,1,2,DAG Parsing
44.82669899327067,47.231913219647424,1,9.882890634595586,19,1,1,Configuration
72.79684701473337,88.35152817139917,0,13.183854338082835,5,1,1,Scheduler
77.09466012482568,79.91561508914997,0,6.40080800113344,3,1,2,Scheduler
73.82098171374086,82.87532400225453,0,13.984168766903435,7,1,0,Scheduler
56.71359161955871,64.83391703868558,1,41.99988589947562,10,1,1,DAG Parsing
37.288750069233394,43.33091837810138,1,3.166749882700291,12,1,1,Configuration
60.34562044703651,52.370298750143725,1,29.498612332782308,17,1,2,Unknown
47.767674458852,63.8119409471587,1,6.505348830439441,13,1,1,Configuration
35.473181599266596,75.54022428657971,0,6.740548817530147,8,0,10,Kubernetes
58.63332854274648,31.883076730771236,1,7.949359729965992,13,1,2,Configuration
89.8175155317875,94.68846876835404,0,18.04597460838159,3,1,5,Resource
90.33900476980459,51.99831462547364,0,14.335199695253674,4,1,2,Unknown
62.24800746267056,42.52264238072552,1,54.470574480903544,6,1,1,DAG Parsing
94.2238481081337,99.04356895578168,0,9.81332588286424,1,1,1,Resource
94.60433879515914,40.070657971882866,0,12.653958071255012,2,1,1,Unknown
87.58457563406179,76.44452830216156,1,13.896536830175148,8,0,7,Unknown
96.18184841882325,90.18789247278457,0,13.741765056869983,1,1,3,Resource
87.54252617867739,89.03378445295222,0,14.862478844215694,1,1,2,Resource
56.97483495126155,57.33785239786417,1,9.281451891493942,19,1,0,Configuration
86.00761510062189,85.67024579012981,1,7.301705333975718,5,1,1,Resource
46.43180482660668,54.330173461264955,1,42.99602033905706,8,1,1,DAG Parsing
90.48689544118773,87.95611412721318,0,10.247067909047217,7,1,5,Resource
24.26332865797835,44.91250561777619,1,6.682961479045911,14,1,2,Configuration
29.43859886606756,68.66644766289923,0,9.56808846306502,8,0,4,Kubernetes
62.28178050393945,37.082633217560684,0,21.929617751582693,5,0,5,Kubernetes
85.88509805944848,73.92802608968042,0,14.738591694268866,1,1,1,Scheduler
81.38540420950223,86.58410727152945,0,15.77518873248483,6,1,3,Scheduler
58.831917570760375,46.43304130342878,1,24.101783129842136,4,0,15,Kubernetes
47.85092449622465,74.87277892541663,1,31.42307510792632,20,1,1,DAG Parsing
38.41510288845802,49.99848671436941,1,8.9604932609496,6,1,2,Unknown
51.94827922991607,60.34592873949621,1,28.327658124553277,12,1,0,Unknown
79.71614577875356,71.13034546460648,1,13.810105183229112,2,1,3,Scheduler
88.95369125915667,76.80810792779026,0,21.215179859039843,12,0,3,Unknown
56.01417793842117,54.759880420816565,1,24.809655847332856,14,1,0,Unknown
48.9797885371226,62.57397468727591,1,5.2051588662842265,20,1,2,Configuration
45.78698055436152,32.560060025549255,1,7.3734819929219935,14,1,0,Configuration
90.96360692621637,44.61824755182533,0,5.260844927971164,2,1,2,Unknown
95.88982545205668,96.32848235601304,0,18.109704567670697,1,1,1,Resource
59.83219305858412,47.755022061298796,1,51.164714744130585,7,1,2,DAG Parsing
80.63759531763037,82.37806310140829,0,10.277157914212525,7,1,2,Scheduler
97.58602740392432,86.11495617164539,1,5.970287883928245,0,1,4,Resource
97.28448352006689,96.93485253993931,0,18.45955304791081,2,1,3,Resource
85.6887658336116,43.10050956150654,0,7.956726612107348,4,1,2,Unknown
49.974952476359455,59.69648840688616,0,24.737650656863778,5,0,6,Kubernetes
91.91243497672308,95.99158355537529,0,8.385314217203634,8,1,4,Resource
55.69354357545525,55.74910734820486,1,47.20435962598324,11,1,0,DAG Parsing
58.45603908476003,58.05682856433698,1,24.987110878545945,7,1,0,DAG Parsing
39.062218163571586,42.37382741756599,1,9.154530022961653,14,1,0,Configuration
29.213853303972982,58.3910420280536,1,7.762045270999592,17,1,2,Configuration
57.586176854600886,31.139692646165432,1,4.7783116932938645,20,1,0,Configuration
86.18528865721653,99.38946691222796,0,16.30004364895938,3,1,3,Resource
73.50455742736936,65.504641073617,1,8.747096718231507,1,1,3,Scheduler
32.62992421069464,53.9355993269818,1,48.677343940397996,13,1,2,DAG Parsing
49.27563963192118,62.35945114105442,1,10.481524050175494,4,1,0,Unknown
86.25360233124687,83.43699148832684,0,16.313498060892893,3,1,1,Scheduler
43.50478346423209,72.33754038607054,1,21.647772140871364,19,1,0,DAG Parsing
50.96274212680698,61.343189221293606,1,34.55591838742851,20,1,1,DAG Parsing
72.30746169281834,72.7072731769118,0,5.661301426985751,5,1,1,Scheduler
85.2432985150189,93.29967345313261,1,16.58285852074801,6,1,3,Resource
57.18855363248481,50.12173526110351,1,4.088860045375513,16,1,2,Configuration
46.579742743664944,62.426968390907284,1,5.100437189135922,20,1,1,Configuration
50.678281897719884,40.15987469789139,0,15.727803457789166,6,0,13,Kubernetes
40.74496924745022,63.81477841787206,1,7.9730890451420855,8,0,13,Kubernetes
35.11992255667256,53.334900774860785,1,16.68974311684252,0,0,12,Kubernetes
58.40365724025429,67.65614489560608,1,8.34389644473271,8,1,1,Unknown
83.69843032839245,60.012178190918625,0,8.15274027323963,5,1,3,Scheduler
45.75614850914428,67.8214029933331,1,33.56341199810261,11,1,0,DAG Parsing
39.15258570880329,37.37463828681172,1,3.289970078901006,16,1,0,Configuration
72.79701479011914,66.36393173539808,0,14.661593127309976,7,0,5,Kubernetes
73.20978661249407,74.25847134296194,0,8.975849434100887,6,1,1,Scheduler
39.79511642595772,68.25722600500792,1,36.24370106978233,13,1,0,DAG Parsing
62.112092891243286,40.27474578290881,0,11.022329095135845,1,0,14,Kubernetes
28.578325661523202,44.0196317249003,1,4.707502770474775,18,1,2,Configuration
79.25452417792206,66.28521092314463,0,15.52730470187827,1,1,1,Scheduler
91.82043473611631,92.32066720656559,1,5.049461702839695,1,1,4,Resource
66.15897352549833,46.79056616778995,1,47.1322730026037,15,1,1,DAG Parsing
87.42640283461937,78.3088863934927,0,16.33359074130539,6,0,7,Unknown
86.36412466677531,92.65563031049251,0,14.068646003595639,8,1,4,Resource
27.030806435809012,51.23196831248015,1,8.734343962706085,12,1,2,Configuration
77.20567860296433,41.93186940919829,0,6.724255967829786,6,0,5,Kubernetes
95.40149389794033,94.67890142619926,0,16.09825151664995,7,1,3,Resource
84.87610093298511,84.72720903960028,0,11.587301730106061,7,1,2,Scheduler
74.02659783358538,68.02411101608483,0,8.011327535864394,6,0,4,Kubernetes
91.35546077167938,95.50577317145763,1,24.882473209538404,1,1,4,Resource
85.66871092454453,68.23792340752615,0,15.703172939165846,3,1,2,Scheduler
37.29111993655493,44.71984034186988,1,48.64180230384778,13,1,0,DAG Parsing
88.34448673707331,80.71606497619268,1,16.956281211046,5,0,4,Unknown
38.96369164528258,79.03353694728514,0,7.052866429603048,6,0,4,Kubernetes
99.12228319491192,99.73390444713993,0,19.098018736731674,7,1,3,Resource
86.53624658316248,97.45106074813809,0,10.954178702057874,0,1,4,Resource
45.49666238092463,67.10626760008074,1,47.15590882238324,6,1,2,DAG Parsing
39.622037646147064,50.04369466942255,1,4.864684705309915,15,1,2,Configuration
51.38619051348044,65.02900921487772,0,13.656958142178246,3,0,11,Kubernetes
87.05554560351281,89.99561058029151,0,15.386654206661666,2,1,5,Resource
27.351659555448435,77.11403305120577,0,8.35978417458113,6,0,15,Kubernetes
20.68373721772988,40.48421422002496,0,12.009623237946322,1,0,15,Kubernetes
74.4641954043116,88.87602947284667,0,5.573857960298941,6,1,2,Scheduler
57.38808663871301,59.69620339374252,0,18.239398316757892,0,0,4,Kubernetes
72.79669313302237,70.88942301542801,0,8.591784655070882,3,1,0,Scheduler
98.84659020920675,98.31702121014413,0,18.805807548376283,10,1,3,Resource
46.87424900885159,47.292679997294364,1,14.688349294810992,6,1,2,Unknown
61.47178361818467,48.52491140074083,1,25.036955412321717,15,1,0,DAG Parsing
86.72444445740702,66.42710422111315,0,15.850288488214563,7,1,1,Scheduler
37.55919632102936,61.21837356330917,1,30.903107537820926,20,1,2,Unknown
77.33750321618565,64.7447326303401,0,19.307238912816203,4,1,1,Scheduler
58.183612922083356,60.13372125871126,1,24.089813100098155,14,1,1,Unknown
53.2037979070838,60.000393361292645,1,20.579393050265196,0,0,14,Kubernetes
42.861070515217136,56.64701597800743,1,26.034443067825542,6,1,1,DAG Parsing
92.37619012553509,40.670205831405504,0,9.608346353122798,8,1,0,Unknown
88.43884917249994,49.383959104880525,0,5.083171105963733,5,1,1,Unknown
39.774735104731334,30.37486390814001,1,8.804541090541136,18,1,1,Configuration
58.66020749412192,52.83756173724902,1,10.282500455420816,0,0,5,Kubernetes
40.91165198365427,71.68571731423845,1,25.89394623966417,12,1,0,DAG Parsing
88.93066714805062,46.46921864910213,0,5.249121127939118,5,1,2,Unknown
86.67232260264325,69.785487145722,0,13.316187165001905,3,1,3,Scheduler
98.83339156766833,97.70700078879418,0,15.712710726944312,3,1,1,Resource
88.20131765419319,86.1690808235891,1,9.52381722918812,10,1,4,Resource
35.45770152471171,58.688348880326544,1,10.140606619594639,3,1,2,Unknown
80.9525020978626,75.52727523106772,0,8.718584204990119,1,1,2,Scheduler
52.07810609265279,69.24485276480584,1,15.146297112136306,2,0,14,Kubernetes
55.75943738184219,48.888699088421745,1,7.231265114259555,12,1,1,Configuration
91.29413230876729,85.57024009697679,1,19.31209388934014,7,1,0,Scheduler
54.01640364898708,52.30761649926021,1,43.11674073559419,9,1,0,DAG Parsing
85.40374163013003,95.90820045712839,1,9.19296792722567,4,1,1,Resource
61.33339814748683,47.37164948553651,1,10.378691434533238,7,1,0,Unknown
58.28049703393816,47.163596746480636,1,30.815053440258847,20,1,1,Unknown
42.28524045619332,30.005940041741777,1,2.727164375292258,19,1,2,Configuration
81.73492362326276,73.21406394408031,0,19.482464647074423,4,1,3,Scheduler
76.907802503181,52.79631559842523,1,13.673304600711768,2,0,9,Kubernetes
75.81191923150234,82.86575027270416,1,18.098945941580038,5,0,5,Unknown
56.269452119526086,47.848570418764794,1,24.328735277090665,19,1,2,DAG Parsing
77.12579640942464,72.73006523110016,0,6.894505539840942,1,0,6,Kubernetes
80.09438878295694,88.24788381687267,0,13.68378586260816,0,1,0,Scheduler
93.82548447360719,41.80359322578941,0,8.240747801342414,7,1,2,Unknown
34.435590888037225,63.73762625267371,1,43.72537001569055,14,1,2,DAG Parsing
29.360746754052766,53.40049600032786,1,6.143081838353043,15,1,1,Configuration
98.78023869706145,93.85252547466217,1,7.678955393014213,1,1,2,Resource
88.10453444068222,85.21516989187676,0,19.710829662783848,8,1,0,Scheduler
48.31322278961421,40.7480432388988,1,9.826631911468192,6,1,0,Unknown
97.43161080937638,98.54332240359713,0,16.454033484557293,2,1,2,Resource
88.1749621084194,51.14680596187138,0,14.486015641647615,2,1,0,Unknown
76.6701427398618,83.62123527406413,0,10.738125838954016,0,1,3,Scheduler
38.9022200619413,54.12206737025657,1,11.754959378425479,2,1,1,Unknown
42.11298424435505,58.671731041893324,1,40.102925789650506,8,1,2,DAG Parsing
96.61909194750716,90.70285504472729,1,9.84393120282449,9,1,1,Resource
48.62236939386722,63.27753722027526,1,27.58936599407832,14,1,0,Unknown
78.0214666021026,62.1370155645082,1,22.909659501385008,5,0,11,Kubernetes
47.882296348978414,54.73764767365044,1,3.285904073065738,20,1,0,Configuration
20.264947046114266,59.998126804467944,1,9.663944723741002,17,1,1,Configuration
79.36421694569204,69.09578834227125,1,14.593688777762324,7,0,9,Kubernetes
28.110662351530934,38.739340188143515,1,6.948775193454466,12,1,0,Configuration
30.249931501533386,44.59057330230537,0,14.471413022841375,1,0,8,Kubernetes
88.24236029059838,77.50213978355322,0,18.249481998558025,11,0,5,Unknown
99.51644628225408,96.72961554405364,0,12.521106046482942,6,1,3,Resource
92.34188088873456,93.66138293956243,0,17.556256415579483,6,1,4,Resource
27.93050906555365,33.5414152700256,1,6.786621619874742,1,0,5,Kubernetes
75.21359271559923,38.948046688422586,0,16.05729576991729,6,0,7,Kubernetes
75.51101555101742,77.67797051627727,0,16.38211050694651,2,1,3,Scheduler
56.54010856140377,68.89794582985115,0,12.15843673101615,6,0,8,Kubernetes
92.34769978099389,93.44386390966817,0,21.314976664876482,5,1,3,Resource
85.9154469501473,78.62673489390912,0,14.423721555303475,0,1,2,Scheduler
35.33638359437456,52.330466613996634,1,33.54189032718803,16,1,0,DAG Parsing
41.66256884454243,48.693490874700615,1,8.94322403878066,3,1,1,Unknown
26.779315672524085,31.262139660052206,1,3.914053002299018,10,1,0,Configuration
86.78638800036109,40.62547507913098,0,6.070551684898904,3,1,0,Unknown
84.34562989286225,89.88453192353406,0,15.649100048430816,11,0,3,Unknown
72.5496312834245,40.2722859076221,0,19.95687281962499,4,0,14,Kubernetes
82.69204186510814,63.19232468393115,0,17.625040222587007,8,1,1,Scheduler
73.36556368822326,55.02386872463522,1,15.59677009259995,6,0,4,Kubernetes
67.85653052047043,47.77133024174432,1,38.04511960882836,11,1,0,DAG Parsing
46.762307550762536,60.98843863247285,1,29.977709278128437,17,1,1,Unknown
90.76422924303537,76.43615851832485,0,16.154831632393773,7,1,3,Scheduler
75.34368247997955,72.03120877648358,0,7.469556821022903,0,1,3,Scheduler
74.78852432526362,82.15813960526852,0,15.868775016395773,8,1,2,Scheduler
30.657414088235775,58.03815055732922,1,29.677525376839732,8,1,1,DAG Parsing
93.15467805081217,96.86081375573889,0,19.032685741111862,8,1,5,Resource
87.43543482275486,63.78838478875227,1,6.53881470181641,0,1,2,Scheduler
60.39508598430994,55.711683994827204,1,56.966170335426376,15,1,2,DAG Parsing
58.986060004574014,66.64088408554706,1,25.303933106312122,14,1,1,Unknown
37.70630977998299,50.59961031480825,1,6.219581378656855,4,0,10,Kubernetes
77.50977160601536,87.81317767013994,0,20.916586246486066,7,0,8,Unknown
82.74190024642198,84.45972829639081,0,12.847755099592286,10,0,6,Unknown
45.65635744674281,44.72747244831074,1,8.993496015218927,0,0,7,Kubernetes
49.12450532642285,43.660696900178365,1,32.891119115920944,17,1,2,Unknown
96.20318841184363,96.31496114420752,0,18.912525714099637,3,1,4,Resource
33.26326110127653,55.508954101561415,1,36.960590924519806,15,1,1,DAG Parsing
38.801088646454374,74.04944974901353,0,12.654420997718049,2,0,14,Kubernetes
55.69858875504947,67.11026939948789,1,9.635789530716352,7,1,1,Unknown
91.73600081250451,93.96900782129556,1,13.016101946587472,8,1,4,Resource
47.05094477119967,43.77866403877295,1,48.49605259588385,13,1,0,DAG Parsing
56.284176000433256,43.62823536248913,1,43.2761328623256,18,1,1,DAG Parsing
48.28454466545794,43.880026335150525,1,56.20587542647994,15,1,2,DAG Parsing
88.2136265163176,69.41031942584974,0,10.777931500170908,3,1,2,Scheduler
88.41314837948234,85.77032747680582,0,8.410241234933187,10,1,5,Resource
92.94987721004628,90.82628573211191,0,9.066734661201089,10,1,1,Resource
35.79094740098723,51.910375622805084,1,12.649963721335958,2,1,0,Unknown
87.33039774400018,86.9137436570712,0,22.354644494161008,7,0,7,Unknown
43.747564653861915,73.94788158368098,0,5.985819510482225,7,0,8,Kubernetes
76.47978871162549,67.41719212528979,0,16.48720526445748,8,1,3,Scheduler
71.13367027533455,61.11636384674115,1,6.741807210876642,3,1,1,Scheduler
38.03675362285344,46.93054009936624,1,8.853310882259937,3,1,2,Unknown
63.01245271834454,61.81345525245332,1,44.44172564709515,8,1,0,DAG Parsing
97.95577265902287,85.18510922325932,0,12.755991187567874,1,1,5,Resource
43.11679621366239,50.34739822691198,1,37.8366305239861,17,1,1,DAG Parsing
34.611871119641904,52.86677912948974,1,8.683752541413156,18,1,1,Configuration
78.39618841553285,86.7908049837095,0,7.075610922742336,3,1,3,Scheduler
93.0641292730723,87.52313466154861,0,16.313009223717188,7,1,5,Resource
46.50713957514787,59.67936440363533,1,8.452320455423187,19,1,2,Configuration
55.998427371767264,67.69832231187615,1,25.503983509034867,10,1,1,DAG Parsing
63.096768991201785,53.95555644899336,1,49.184500305380176,11,1,1,DAG Parsing
92.71260944059509,68.92059397552163,1,9.580703664790406,0,1,0,Scheduler
42.500942845674714,48.92114287689727,1,58.143700704764996,16,1,1,DAG Parsing
29.654269694679265,33.75012105220789,0,11.759011684958715,7,0,15,Kubernetes
96.34269122288399,99.67736024018708,0,18.469997155531342,8,1,4,Resource
76.09327265187846,76.5379523064141,1,7.859155564218925,8,1,1,Scheduler
90.98072115711496,78.64006969758474,0,6.893314623113094,1,1,1,Scheduler
84.40617461506866,82.89327012515116,0,12.057512348774504,7,1,2,Scheduler
80.20870233575039,69.63174767869715,0,17.865996416005288,5,1,3,Scheduler
32.403859169371536,62.57936664279818,0,22.292598602220963,0,0,11,Kubernetes
89.30064298180385,58.180041905608306,0,12.700499977555303,7,1,2,Unknown
47.38692002768484,75.9015534670558,0,10.479549969487179,7,0,12,Kubernetes
70.59161086753629,65.79389364983126,0,9.179045915345059,1,1,2,Scheduler
80.83808503314621,70.86564115485216,1,15.609629655591155,6,1,1,Scheduler
93.22283732505443,82.65795589907417,0,15.694234592286827,6,1,2,Scheduler
23.473712502961497,39.657790454391765,1,5.195469519682387,20,1,1,Configuration
63.80620645313432,74.10913107439978,1,52.73707438162678,15,1,2,DAG Parsing
46.59587623276022,53.87588879145867,1,34.9584595071608,12,1,0,DAG Parsing
57.1624822765358,73.20882352429447,1,34.88053513882735,18,1,0,DAG Parsing
55.41193276242374,61.85826228046632,1,54.56987499325665,16,1,1,DAG Parsing
87.79467447883734,96.23504802161433,0,22.534863358358468,0,1,3,Resource
96.20279541449224,93.36990124514531,1,16.50470796540852,7,1,3,Resource
94.51276576156283,84.97885089981204,0,8.41224745223832,2,1,2,Scheduler
75.27646417832639,74.86437359657296,1,19.01693819397359,5,0,11,Kubernetes
76.96676094386697,68.97631112922181,0,19.47127233796958,1,0,8,Kubernetes
95.54267725028659,86.24029183758702,0,17.898144838866042,5,1,5,Resource
47.545675684894114,70.06306438633611,1,6.760397234050812,7,0,11,Kubernetes
75.6160166499322,65.9738979817973,0,5.693205771391376,7,1,0,Scheduler
90.63144702804284,44.278562720874405,0,12.657082196342849,7,1,1,Unknown
83.3534969257427,67.34432775454279,1,10.691831626364717,8,1,1,Scheduler
70.79030542790798,69.86953436897045,1,23.704120641830897,2,0,6,Kubernetes
50.59920536328889,43.71643767631841,1,29.669514437458684,7,1,1,DAG Parsing
85.80301370243328,80.91226063052247,0,17.80973636835623,10,0,6,Unknown
99.35028238294822,91.8949529802938,1,11.846540353636923,5,1,3,Resource
57.36305143352627,53.196334529024966,1,24.955742325278113,3,0,15,Kubernetes
40.69790900616442,46.314562518629906,1,48.10795091462418,10,1,1,DAG Parsing
73.82188172896535,31.011644429663594,1,11.218985956958926,7,0,15,Kubernetes
58.84731991221708,41.529234978408,1,34.57197656523076,17,1,0,DAG Parsing
37.58358741398135,51.7575028193704,1,12.046775936791402,6,1,2,Unknown
97.06975926775817,93.81375533241464,1,16.177009525450543,7,1,2,Resource
53.99563562330639,59.13385434388272,0,23.49856333518547,1,0,8,Kubernetes
30.210047932224718,42.77290199447525,1,30.236957137481788,19,1,0,DAG Parsing
72.14032404895053,81.60223992312584,1,13.327643173727912,3,1,3,Scheduler
63.21534627054411,63.96388982431442,1,59.232767431553974,13,1,2,DAG Parsing
67.33483919801589,58.03842562390746,1,59.564908091844934,14,1,1,DAG Parsing
92.52729256916481,94.1721708983765,0,22.456354178246407,0,1,2,Resource
65.57946068049125,66.01576969318674,1,55.78549979820213,12,1,1,DAG Parsing
68.5006321485482,68.14591091596512,0,23.938467603879026,5,0,14,Kubernetes
92.01328140023003,55.82932488730425,0,6.258274576652264,3,1,1,Unknown
87.89217097410715,86.68970141530232,0,19.622384676175486,10,1,3,Resource
49.91474893506348,59.44862558459191,1,4.287423841802909,16,1,0,Configuration
45.2981411726315,64.12842320902898,1,8.051180500541744,5,1,0,Unknown
88.78678631412579,47.612140185222934,0,12.682603237843884,4,1,2,Unknown
75.96714881539614,71.87357540373763,0,11.85836858855678,1,1,0,Scheduler
47.963306746199706,50.32562759546069,1,24.292694445004575,3,0,11,Kubernetes
67.35006140997619,65.23949500877427,1,27.59336404893439,8,1,1,DAG Parsing
89.72825544991515,53.62884640115706,0,8.121093655840697,4,1,0,Unknown
97.46976617060707,95.95226084534174,0,11.23780687795083,7,1,2,Resource
62.26769455086476,54.44955048106643,1,23.40692666970653,13,1,1,Unknown
80.02911967555822,61.98565815634642,0,8.18939816081211,7,1,3,Scheduler
51.295758516374256,45.44811215822226,1,13.956989783163316,4,1,1,Unknown
38.49846309275027,43.25039634573541,0,6.808417760970498,4,0,15,Kubernetes
28.6637367156754,51.22840642740692,1,5.771307639318847,17,1,0,Configuration
51.76327839712134,67.52443175458612,1,40.30490355317353,6,1,1,DAG Parsing
90.26223218429246,89.21627528185297,1,8.367547292061687,4,1,3,Resource
84.34773234417496,81.6069513609496,0,12.995278204086336,8,0,4,Unknown
82.37168395599502,77.06269083512422,0,13.394095901276494,9,0,3,Unknown
58.353360574842156,42.96516542014007,1,42.35688280364254,16,1,1,DAG Parsing
84.24473006527397,79.68660976726548,0,20.693480270922468,11,0,3,Unknown
41.984314938678665,44.520510810924655,1,9.935795531957453,4,1,1,Unknown
43.84092329367492,72.93164192260372,1,55.797036672844975,19,1,0,DAG Parsing
87.03383359642014,96.25141204733674,0,23.375374236596507,4,1,2,Resource
93.25963798775612,99.15196817571446,0,10.146535152697655,7,1,4,Resource
92.26913379168526,87.92692737451374,0,24.276581788298795,8,1,4,Resource
39.21479689562507,49.97233679885848,1,7.337257904417731,16,1,2,Configuration
75.25191345849385,67.48589217668773,0,10.305179519219276,8,1,3,Scheduler
86.19086808506202,87.25234335637819,0,6.071147552837212,2,1,2,Scheduler
59.89266366250581,52.49828567801565,1,22.702382309675958,9,1,2,DAG Parsing
46.95205705589983,60.716295278819324,1,5.600363777240166,8,1,1,Unknown
70.61965904745472,82.09693415265247,0,16.735797442214476,6,1,1,Scheduler
88.38507469422495,88.4925483970893,0,13.266027320965172,7,1,1,Resource
41.426076295889374,54.52864933107939,1,4.106797531143284,14,1,0,Configuration
30.834262360989953,51.366886280592986,1,52.052886172418084,15,1,1,DAG Parsing
35.699933833869295,61.20031403023801,1,6.716806038214375,14,1,0,Configuration
64.31241174753058,34.749923516529016,0,5.193446554541397,2,0,14,Kubernetes
88.63031751506199,94.87994452798478,1,13.46255910233807,6,1,1,Resource
40.1095894113429,48.52040623143972,1,31.83782741761133,16,1,0,Unknown
37.68020934657545,74.999181738606,1,26.19780691777619,10,1,0,DAG Parsing
88.31564110669049,89.50751430636129,0,16.13436236210469,9,1,2,Resource
99.65993834934685,99.60759618454,1,23.383044308804237,3,1,2,Resource
77.79492263319585,45.72518340910847,0,9.955727499271578,1,0,7,Kubernetes
45.97349965845133,47.79421131813173,1,24.553593733596333,12,1,2,Unknown
43.81653665098986,76.15367841864855,0,9.838761891792231,7,0,13,Kubernetes
85.49275921343539,67.2248937556894,0,8.482826664427284,4,1,3,Scheduler
90.81030700663878,53.68097272516862,0,7.023102332844411,3,1,1,Unknown
26.009616311462423,35.50750734416994,1,6.816162211734217,11,1,2,Configuration
90.20055611829257,85.67900677405117,0,5.758824942873218,8,1,0,Scheduler
75.5625171068982,49.647633545370994,1,11.361154385322012,4,0,7,Kubernetes
51.222273497252985,55.880039615141506,1,44.21707166141252,7,1,2,DAG Parsing
31.79913877252765,52.191598415692475,1,4.3844520257287645,20,1,1,Configuration
35.71960392554528,58.7638222716896,1,6.179257239212719,8,1,0,Unknown
56.57485206968036,42.99648842455416,1,58.98617963808887,7,1,2,DAG Parsing
50.52951830436767,43.81689035013459,1,40.153547591432854,15,1,0,DAG Parsing
88.92605579157554,87.48116546272749,1,22.015299235163262,3,0,5,Unknown
87.42315091726512,45.325141813870054,0,9.300657311336073,7,1,2,Unknown
40.879403464165435,54.57336186409949,1,2.366224878840274,12,1,1,Configuration
90.8209724918297,87.08804755349327,0,14.10597497246399,5,1,1,Scheduler
45.17457253864827,51.25722332891319,1,10.342731762111617,3,1,2,Unknown
46.838422276403165,43.977725737529134,1,22.54232152588545,13,1,1,DAG Parsing
36.95771521643772,44.668253023363214,1,8.017566107053138,15,1,1,Configuration
93.68975500813445,66.23363717470654,0,8.969691879350112,1,1,1,Scheduler
88.67534529130644,72.8530148188374,1,10.429946655704164,2,1,3,Scheduler
39.505609065637344,44.26469208055161,1,29.537580138392908,16,1,2,DAG Parsing
40.6688278320873,42.891402732192326,1,36.979986452736554,12,1,2,DAG Parsing
57.1764243125876,73.34762886978626,1,25.71117873450199,15,1,2,DAG Parsing
52.81631447123212,40.72620491005807,1,24.572282713195897,17,1,2,Unknown
90.51373682963946,68.4851694984848,0,17.56213883909632,7,1,1,Scheduler
44.9965069367107,40.98656409348525,1,57.233036189998124,19,1,2,DAG Parsing
36.66579088263654,55.53679333853829,1,37.88518638681029,17,1,1,DAG Parsing
87.3487453074763,81.19257425083657,0,11.223018438473272,5,1,3,Scheduler
58.0576548411954,71.72632345923763,0,11.20338986794291,6,0,15,Kubernetes
83.73049097713329,87.83018282533342,1,18.21269926036708,7,1,0,Scheduler
91.67128388987825,65.45187079540297,0,10.686557962822093,3,1,3,Scheduler
91.8477720395486,99.87757358231005,0,9.046364127947994,2,1,3,Resource
45.47949520157054,59.65854487658765,1,30.47106706349983,10,1,2,DAG Parsing
71.68500820275769,60.94238874159054,0,6.062860248329802,3,1,2,Scheduler
33.70509709014953,66.35844140681607,0,9.223804583262893,0,0,13,Kubernetes
38.371152223553125,41.636140400852625,1,14.489409150257888,3,1,1,Unknown
48.63654001132621,33.99081754245084,1,8.074559608632937,13,1,0,Configuration
80.7446678220193,61.254865745065736,0,18.484722331138848,0,1,2,Scheduler
67.09259438401492,53.54722264747947,1,6.822737551013585,8,0,10,Kubernetes
32.74440611297423,66.78050815610045,1,28.28629481386634,9,1,0,DAG Parsing
74.16663208034925,65.71528495651799,0,7.405637495108666,7,0,6,Kubernetes
87.48972426535389,87.08852448890164,0,21.270597309908673,0,1,5,Resource
51.2185540512102,61.13988884003249,0,13.376515035428511,1,0,12,Kubernetes
60.18567529610651,44.36568492511202,1,20.442250195753015,17,1,1,Unknown
47.169555724133346,61.518335397158275,1,29.62256955226174,12,1,0,DAG Parsing
59.05817378680864,64.35802021085573,0,14.025748383061496,0,0,8,Kubernetes
38.51393504302441,42.555956073975885,1,4.443774371562682,18,1,0,Configuration
92.34265953877579,54.4716105348903,0,12.9290419431428,3,1,1,Unknown
29.81081687107105,74.72459601560976,0,10.70138752869524,6,0,4,Kubernetes
46.53337905761108,41.587328781395584,1,4.348594857361631,19,1,2,Configuration
76.6300764543038,83.52211805845708,1,9.278738434203804,8,1,3,Scheduler
33.66693695270084,47.42370353981596,1,45.57971674118815,6,1,0,DAG Parsing
47.8044477096982,43.07267593866559,1,47.27717041002549,19,1,1,DAG Parsing
57.02901014768812,65.03369494614851,1,5.779353748604914,3,1,2,Unknown
92.8647780225328,98.33889945654875,0,22.021194771559934,7,1,3,Resource
99.11714267456088,91.47771919359317,1,16.717502424221024,6,1,1,Resource
93.9536442392979,88.98295655478582,1,20.65807982862843,9,1,5,Resource
38.58804568681811,47.864419767032494,1,5.17428126119766,18,1,0,Configuration
53.33269268145962,60.74540854242,1,28.924534794570796,20,1,0,Unknown
35.05315124174181,61.75348492563869,1,6.130974257340562,15,1,1,Configuration
47.311866660765645,48.00619477608767,1,22.187195653749427,2,0,9,Kubernetes
87.79580387925493,94.85961866737915,0,5.583845486847812,9,1,2,Resource
97.33916391694392,85.6241578340535,1,13.827331594579409,3,1,4,Resource
87.47396519315193,45.683505601161784,0,11.264806846261896,3,1,2,Unknown
27.287195330242923,33.083459224690614,0,7.614304750879559,6,0,9,Kubernetes
96.21007749577008,88.2098021211551,1,10.422654439959516,8,1,3,Resource
52.13036544064097,65.08898579819474,1,11.579212582849685,6,1,2,Unknown
35.63355412434221,44.702556082517134,0,14.410731353413604,1,0,11,Kubernetes
69.5209347786836,52.08796962453495,1,35.948664286961005,18,1,1,DAG Parsing
76.94368898169755,38.358239372136026,0,21.169214426387263,2,0,4,Kubernetes
36.498906141454526,52.30057153233282,0,5.692988874630118,3,0,14,Kubernetes
34.07031595829338,30.63747006343049,0,23.13760088539584,7,0,6,Kubernetes
54.75399845270064,60.11556584726373,1,5.544510831235854,13,1,2,Configuration
82.86969313880563,85.43744246017758,0,11.639533516544894,11,0,3,Unknown
50.49498625047171,39.57585579846389,1,9.708748301438021,14,1,1,Configuration
38.295515077846254,50.62606583138303,1,6.0335806092402935,17,1,0,Configuration
30.532642775366135,49.052252173093,1,3.3907985315716003,20,1,1,Configuration
63.125973470970074,35.88672842186196,0,20.695201323369695,7,0,7,Kubernetes
88.14817251384662,96.06419473006471,1,12.012616822279794,9,1,4,Resource
48.46719913763957,49.862010644632136,1,35.27489736762842,14,1,1,DAG Parsing
94.11801932585219,63.2429624897282,0,18.933307526106823,6,1,3,Scheduler
72.58968706052663,39.056792890200036,0,14.415617455235738,4,0,15,Kubernetes
42.576489828082615,66.90413300961816,1,7.0789803870311925,8,0,7,Kubernetes
81.92449331393392,88.28224972302291,0,16.30212687589079,6,1,1,Scheduler
42.36849000427168,55.102047127979134,0,8.586887005446114,8,0,4,Kubernetes
91.13701522551813,92.37588820036096,1,21.797836042024453,7,1,2,Resource
33.00164659952637,62.31293882591544,1,34.53244522603929,18,1,2,DAG Parsing
40.50571264004435,61.17791850141752,1,3.1749208006806375,12,1,1,Configuration
55.513745800176586,33.11414317599791,0,9.735434694837931,4,0,9,Kubernetes
39.27880648263344,39.023691768679015,1,5.061385967353689,13,1,2,Configuration
53.98349091624567,52.10692730614392,1,8.501139198654322,19,1,1,Configuration
94.45844320551365,82.81109078982796,0,11.655178274925586,4,1,0,Scheduler
82.20573693875626,68.1880593528977,1,5.435372299200728,5,1,3,Scheduler
22.034217647809072,62.63336529499168,1,6.92486940879464,20,1,1,Configuration
87.05187110040863,40.73105073859817,0,8.8758821572123,8,1,2,Unknown
41.767480928832626,50.25358458545252,1,25.89269894997758,14,1,0,Unknown
75.99662944186731,76.55976736733277,0,5.040135839043286,7,1,3,Scheduler
91.85197713567814,85.86605171398787,0,18.455354244547387,4,1,1,Resource
52.670173925087184,32.52421726391597,1,7.488348314389859,10,1,1,Configuration
93.20965803167972,86.95891375461319,0,20.766073069533647,10,1,1,Resource
23.21334455963573,46.55472897199931,0,13.185597315012917,8,0,15,Kubernetes
88.6993890094766,61.71495818722449,1,12.542755743792704,8,1,1,Scheduler
94.22490643211879,87.79100949024382,0,7.49466665905871,7,1,3,Scheduler
89.92176456613309,92.8051231177718,0,18.605904758781413,9,1,4,Resource
33.65076551747407,33.04918730288638,1,21.36810429730747,6,0,12,Kubernetes
59.411865282574055,43.32635005328415,0,20.28099447435022,3,0,13,Kubernetes
86.40250758140664,90.68896033359724,1,14.520102002637822,10,1,1,Resource
41.73770284700125,41.533219648069306,1,27.97879334860753,6,1,1,DAG Parsing
77.26717903645319,68.51835246123069,0,16.74726993851849,0,0,8,Kubernetes
21.23276605426898,35.47132159524688,1,3.7589258036840825,16,1,2,Configuration
30.729221511661308,50.810312452235834,1,58.04677254384537,11,1,1,DAG Parsing
50.76801019610056,37.44662401617039,1,2.2932504744287723,14,1,2,Configuration
23.27414786091518,74.89562801784948,0,14.897754398865338,1,0,7,Kubernetes
38.375896142068704,52.40746157397492,1,8.65267644437461,3,1,1,Unknown
87.61429590537308,61.374731509669864,0,16.59602511183038,1,1,1,Scheduler
35.66881447558981,65.5546887785896,1,8.767201624800158,8,0,7,Kubernetes
28.883711323192532,50.18328152215934,1,2.433185370310273,16,1,1,Configuration
32.68533232546591,69.11201609661991,1,23.729204068147098,7,1,2,DAG Parsing
34.140075090815664,71.46943918845207,1,33.73751103353071,17,1,0,DAG Parsing
95.7789726018383,85.21126293427697,0,20.815353288505115,9,1,2,Resource
40.65712937974986,66.46486205471032,1,26.55659549624682,15,1,0,Unknown
92.81672244700708,90.22450444953469,0,13.763318765460541,7,1,3,Resource
40.44554265600635,38.87299363269686,1,6.191119256900681,2,0,13,Kubernetes
90.4105034217109,86.37280643044359,0,13.894717299925908,4,1,1,Resource
51.03337054684181,71.12534363596347,1,8.339259083847617,2,0,15,Kubernetes
91.7436251706112,91.44329261655015,0,19.094712319194688,3,1,3,Resource
54.972699771248315,60.48776409918423,1,48.48611185705228,12,1,2,DAG Parsing
79.76833488108983,54.50893422933328,0,8.297670177829913,6,0,4,Kubernetes
86.98760506741299,87.81087675291816,0,16.139700644424558,8,1,4,Resource
61.06478815143013,54.086920940815304,1,24.767219316435344,5,0,8,Kubernetes
38.99428754944535,49.64671391121368,1,8.017070053883385,20,1,0,Configuration
58.26837398341101,60.66395661850734,1,8.505178796850995,19,1,1,Configuration
96.28488243040738,97.13094682946891,0,16.546958104037053,8,1,2,Resource
98.93149541881989,89.71727039839976,0,16.740722081689768,6,1,1,Resource
20.336744192785016,53.59360711556921,1,5.035424028695119,11,1,1,Configuration
60.70358817495233,39.063028026865105,1,20.583285891800955,0,0,14,Kubernetes
82.55727875332414,77.70541287928701,0,18.112855610814627,7,1,0,Scheduler
90.87277287280303,74.10920508639141,0,19.998617427638138,5,1,1,Scheduler
79.65196881227456,79.91066488453603,0,12.429929744246353,0,1,1,Scheduler
86.70831735417997,93.4577576294318,1,24.9452985146089,2,1,5,Resource
33.65428458307355,59.04593599720404,1,9.715469467634719,14,1,2,Configuration
40.54519962107901,41.65191814004113,1,8.490198331827003,3,1,0,Unknown
27.896703697916642,50.3208478693043,1,9.612319250753577,15,1,0,Configuration
76.10493580459921,72.36155246926727,0,7.549754736021461,1,1,3,Scheduler
84.91022576829934,71.543019350235,1,12.936715176487056,8,1,0,Scheduler
23.27396691366055,62.169935827840646,0,15.111351437694665,7,0,11,Kubernetes
81.41154563675431,84.04249805166793,0,19.25059412664734,7,1,3,Scheduler
87.11535627474686,85.2855576056943,0,8.435721079461565,0,1,2,Scheduler
81.38361542166253,69.65332050687113,0,19.711619469988918,3,1,3,Scheduler
85.56584681504279,74.95479307146566,1,16.399858040915255,3,1,2,Scheduler
53.72297725125978,49.17320899758312,1,4.511286360733172,18,1,2,Configuration
38.007133639644806,44.75049462056845,1,22.962081567061748,8,1,2,DAG Parsing
78.16797814285026,72.46509280256332,0,6.982396966201753,8,1,2,Scheduler
89.97594759432742,96.33413896781339,0,20.809961704682998,1,1,5,Resource
85.93186497700805,86.77337271705959,0,8.194336504551263,10,1,5,Resource
92.69481397210053,41.96503129931368,0,14.82273473873912,6,1,2,Unknown
86.62124096369881,42.8921474782924,0,12.691567965749464,2,1,1,Unknown
52.46733526278912,63.45046426563036,1,36.43234531688633,19,1,2,DAG Parsing
89.55805759642826,88.64603090346257,1,16.737537779908674,5,0,4,Unknown
93.59103369720388,99.28596018158088,1,24.709766045235884,10,1,1,Resource
93.83663681219561,44.65443278977082,0,7.904880641345505,3,1,0,Unknown
62.8131610445037,58.42869942545168,1,27.445953881707688,19,1,1,Unknown
63.281036522868284,72.19194131094847,1,23.525195251915388,19,1,0,DAG Parsing
41.445973560292494,59.19944599256134,0,24.47959723467004,1,0,7,Kubernetes
87.32994148554235,56.22148473565316,0,5.919051212853726,5,1,2,Unknown
92.55843773411402,89.33895177030878,1,16.52220671160574,9,1,5,Resource
56.67940374478499,43.395147587307854,1,12.787311418760398,7,1,2,Unknown
96.58807318723186,97.2757373363523,0,11.035288702884065,2,1,5,Resource
86.24002213541041,80.40282971391228,0,11.396894317326543,7,0,5,Unknown
33.601963801751374,53.7634764439654,1,38.28922568758924,9,1,0,DAG Parsing
50.278013275109856,36.158099087548045,0,12.503848653516789,4,0,12,Kubernetes
98.72689689390334,93.28118938821721,0,12.61323488745845,8,1,3,Resource
86.71274975473008,46.22755119402154,0,13.922431047166802,6,1,1,Unknown
20.293223448673807,32.2915137736302,1,7.3626810091444534,13,1,2,Configuration
86.60458551371353,89.56986993626886,0,11.64434430623254,9,1,4,Resource
62.52739135259204,63.454073999815286,1,53.15835891577858,17,1,2,DAG Parsing
80.06553205255672,70.17907816184889,0,8.729845008804284,3,1,3,Scheduler
61.25247878973866,41.21796380294897,1,22.68933452248435,18,1,2,DAG Parsing
83.95182586544071,72.48522064230986,0,16.635403095473258,6,1,3,Scheduler
89.52918759537422,95.84323792601496,0,10.231063016307855,5,1,2,Resource
88.4362548759742,46.269641267788145,0,11.530130974304402,7,1,1,Unknown
40.80860748099371,45.97593395705797,0,21.433236108566195,5,0,11,Kubernetes
36.968378077645625,33.637438321078456,1,6.30203371219329,16,1,2,Configuration
62.116161804375636,54.53986455502497,1,10.971064085629632,2,1,0,Unknown
94.34592556593222,82.48432833430618,0,17.96908544329946,2,1,3,Scheduler
62.03364820108509,77.37793675350076,0,16.262177817280367,3,0,11,Kubernetes
90.93923064929886,97.24679838899695,1,9.358026173459182,1,1,1,Resource
85.57888524866023,79.90162428796633,0,15.796313945209253,4,1,2,Scheduler
48.696233571666994,74.40541851749751,1,25.190849188550818,20,1,0,DAG Parsing
62.92546353555881,69.90919308950606,1,29.3769849531411,12,1,1,Unknown
70.72173606104158,78.90066831012182,0,15.646742376503887,4,1,0,Scheduler
57.341737360675836,56.487398338524905,1,6.221415121355111,5,1,2,Unknown
92.58599379539598,90.59801039030218,1,17.754571835213113,9,1,4,Resource
66.86743879621926,43.43822432046228,0,20.428605809792494,0,0,9,Kubernetes
25.35798932116635,47.76416980599162,1,13.40945136369622,5,0,9,Kubernetes
91.66209166888174,71.40378675117498,1,14.535266663966002,5,1,1,Scheduler
53.12325149452394,72.83120903231233,1,23.34323821566496,0,0,15,Kubernetes
93.53676496353273,65.94989331275146,0,6.528519581689648,4,1,0,Scheduler
87.05909432201385,94.23515551621739,1,9.785641318925922,0,1,5,Resource
28.83151877429632,59.21619284038218,1,3.5546097227706035,12,1,2,Configuration
48.87410226106398,64.42499870373749,1,33.91684965147651,12,1,2,Unknown
67.66427951474384,45.39679934078471,1,46.34931493535017,17,1,2,DAG Parsing
50.143757921806596,31.13072341348145,1,8.51220974043575,11,1,2,Configuration
35.957225463896364,56.207584617567164,1,4.735943023921776,18,1,0,Configuration
43.57413287688932,57.48313167685811,1,8.071798690334685,5,0,4,Kubernetes
47.304731459279,71.87492948314106,1,22.216514000711083,7,1,2,DAG Parsing
69.83877644381667,56.33852912080727,1,55.163026544016745,13,1,0,DAG Parsing
85.94287127537551,49.20739611322519,0,6.561071063459529,4,1,1,Unknown
35.55546648430689,47.88228062876128,1,8.374669182230338,14,1,2,Configuration
41.577885248697505,44.19945202969422,1,39.89541314453307,12,1,0,DAG Parsing
44.04093682947927,46.3491945374399,1,25.730059613681163,16,1,1,DAG Parsing
90.86701253016254,96.58513348693648,1,18.808746114442613,2,1,3,Resource
61.22407594333321,76.81807178066089,0,14.525245621629372,1,0,10,Kubernetes
38.98300745892253,65.7834228055018,0,14.751616914962149,2,0,9,Kubernetes
89.02692381782472,95.10507880951867,1,5.79095108414001,1,1,2,Resource
64.05448203012503,64.91331864025244,1,57.09297826892711,16,1,0,DAG Parsing
61.812678994224584,32.01649040543317,1,7.966475947381988,3,0,9,Kubernetes
87.40203566823038,93.39773428734794,0,9.637110948228207,6,1,2,Resource
79.53410744144072,70.76877472731738,0,19.890380654403465,4,1,0,Scheduler
79.55022157464226,86.18414594982957,1,12.279355836559969,6,0,3,Unknown
71.84654750707182,88.35706904803938,0,14.584080535400183,6,1,2,Scheduler
25.288527938297424,30.579691954569512,1,6.181690744137268,18,1,2,Configuration
85.98566996144709,60.750322656680005,0,8.673377807052143,2,1,0,Scheduler
31.185181275227364,36.296123005444855,1,3.0491133319897914,19,1,2,Configuration
68.79070483507297,73.70702245810796,1,12.204293281077756,5,0,10,Kubernetes
44.92846955646537,47.87817179604042,1,3.3417736127487894,20,1,1,Configuration
45.40339708722637,50.55739246801543,1,11.252309702510104,3,1,2,Unknown
45.40249395893596,79.41399681684578,1,9.03838559944469,2,0,13,Kubernetes
82.52734673408692,86.60737704834385,0,21.43049379455344,10,0,7,Unknown
81.7372650246183,89.07610891722652,0,14.34889100782997,6,1,0,Scheduler
45.32420829381838,52.35282714394573,1,25.266357347447638,15,1,2,Unknown
33.014130943163075,73.29522492028536,1,45.1179508847347,13,1,2,DAG Parsing
89.90568041500529,76.97797666101948,0,10.208056479626734,6,1,2,Scheduler
71.10966334283077,73.08172546364916,0,10.463322076718963,1,1,2,Scheduler
44.43407064554735,36.56401901860612,1,9.441730073225163,16,1,0,Configuration
62.27409058883738,63.89644605100822,0,24.55791115101597,5,0,12,Kubernetes
25.20128200795931,35.02325562388194,0,16.79147835523026,6,0,9,Kubernetes
98.39697538117011,87.09671478658532,1,11.370600635186142,6,1,5,Resource
93.90916221219035,91.69661599372904,1,19.065725337298574,0,1,2,Resource
47.65449463530035,58.36930414400344,1,26.0715908015781,13,1,0,Unknown
34.80851875516588,49.4218974704415,1,4.030221163541571,14,1,2,Configuration
87.83116584628547,83.1525173940645,0,19.11975896537709,10,0,4,Unknown
43.14492249798839,42.603933549759034,1,13.770487326207924,4,1,1,Unknown
48.18516275571151,52.667133494250024,1,8.0408616416684,18,1,2,Configuration
73.72993961184137,76.88518791253694,0,6.27771362594345,3,1,0,Scheduler
29.77444433591723,58.61290305101504,0,22.142223748766046,3,0,14,Kubernetes
79.99132157191345,64.42714035273895,0,18.3898973931705,1,1,3,Scheduler
92.94126470262476,89.12111105796748,0,5.3428519520485445,10,1,4,Resource
65.55987525795817,59.09521192415437,1,45.67629157204931,10,1,1,DAG Parsing
59.0897198865494,71.80630907672891,1,46.35612294717169,10,1,1,DAG Parsing
99.48575166570743,91.45683315835274,0,6.97213117163455,3,1,5,Resource
79.06872152027023,81.67347581471958,1,21.218432477144873,11,0,6,Unknown
78.5084710791071,86.40959939274677,0,13.336865418793757,8,1,1,Scheduler
39.356192262374606,78.79303356912132,1,20.836850499997436,7,0,14,Kubernetes
37.962315262098,57.819288067881374,1,40.00311614282575,6,1,0,DAG Parsing
87.10444802646695,89.71870021991266,0,17.3881995757835,5,1,1,Resource
46.76620595645175,78.02601891401439,1,16.737604968448537,5,0,9,Kubernetes
23.937018056715914,65.47846991821947,1,7.712996420341196,8,0,13,Kubernetes
87.18462300178106,87.71733133447646,0,11.377084491563174,8,1,1,Scheduler
86.2363079605822,94.9676321711913,1,8.310501583186875,6,1,3,Resource
43.540305640203584,62.287806763934555,1,32.13212973648556,18,1,0,Unknown
31.092873232522834,74.27463463747694,1,8.731658823158632,0,0,8,Kubernetes
23.46020885751171,56.78459843571619,1,5.5014091957458,16,1,2,Configuration
44.28554916310945,63.05891267082828,1,26.693873512236088,14,1,0,Unknown
38.78696916040836,45.912520742821094,1,2.371499660009425,20,1,1,Configuration
80.3943558525789,66.2050316854323,1,10.842152190004118,0,1,3,Scheduler
52.19187323253507,34.83630019758709,1,6.820195597411053,18,1,1,Configuration
21.860014476366793,52.16341636561839,1,7.377134179402059,11,1,1,Configuration
53.554116882017695,40.55233792289061,1,30.614700332998936,8,1,2,DAG Parsing
66.49791941833297,43.27085377731076,1,46.81824160319756,14,1,1,DAG Parsing
77.81068365222124,76.75266957259852,1,20.57899276068279,8,0,8,Unknown
55.826981165567126,31.465173026831735,1,6.171824605562371,7,0,12,Kubernetes
85.63099730249088,99.32970576518863,0,11.92727028191233,7,1,3,Resource
24.258598255703063,32.53350896843464,1,4.35401459574496,11,1,2,Configuration
21.8595922431305,77.12211290509819,0,17.146352513097714,6,0,6,Kubernetes
99.4686193464219,99.53087832620044,0,19.697487308823728,10,1,4,Resource
41.98370614185744,55.41485483975536,1,6.472910935581265,19,1,1,Configuration
99.16333443447091,95.8134917868339,0,16.876127960781574,3,1,4,Resource
64.45668793520048,67.97466476131282,1,21.420347847969204,8,0,6,Kubernetes
36.63724975081686,48.796258338686805,1,2.7355644315125316,13,1,0,Configuration
41.35930351035604,41.050453651596996,1,5.892961579563271,14,1,2,Configuration
30.749661463425827,72.24068520758443,1,54.484400544482654,15,1,1,DAG Parsing
92.19705134803093,93.40731385354329,1,10.46915073510846,1,1,5,Resource
81.04465042094883,80.26881699570299,1,16.906030986590032,2,1,0,Scheduler
94.38989706472495,91.40800873441815,0,5.937681939049099,5,1,4,Resource
99.52192870113736,97.37271471454034,0,10.37073676628845,4,1,3,Resource
86.82070954684384,80.17022392053039,1,17.33625951840161,5,1,0,Scheduler
34.19306796454765,45.90021841459357,1,23.279600082570685,0,0,15,Kubernetes
39.360117773416974,48.37089740359318,1,58.62386548776146,18,1,1,DAG Parsing
21.07496753785676,30.206191698717667,0,9.525314225781669,5,0,8,Kubernetes
50.30758850898585,58.89197654447849,1,49.5457601200587,14,1,0,DAG Parsing
98.51909438536877,95.38431568677213,1,14.510005752905466,0,1,1,Resource
36.16519886052582,50.83863638526914,0,8.758713817852229,3,0,10,Kubernetes
87.76071659291901,98.34046794572512,1,24.144737878252872,8,1,1,Resource
93.94638726165897,93.62209067311622,0,8.715073985855312,10,1,5,Resource
43.774667760786265,32.44753087952114,1,10.203335854424477,2,0,4,Kubernetes
40.024212359279964,62.22699819857111,1,42.03365661932558,8,1,2,DAG Parsing
48.04704404769246,58.005648784716236,1,5.299407777514796,15,1,2,Configuration
75.47102842030799,84.1232956851943,1,5.7532757771096135,3,1,0,Scheduler
23.021042871592638,41.13532615843995,1,13.065539869234456,3,0,5,Kubernetes
39.03700359502554,65.3591460618164,1,9.464744279612848,2,0,10,Kubernetes
